{"cameraMode":{"drawMode":0,"name":"Shaded","section":"Shading Mode"},"sceneLighting":false,"audioPlay":false,"sceneViewState":{"m_AlwaysRefresh":false,"showFog":true,"showSkybox":true,"showFlares":true,"showImageEffects":true,"showParticleSystems":true,"showVisualEffectGraphs":true,"m_FxEnabled":true},"in2DMode":false,"pivot":{"x":0.0749252438545227,"y":1.4599573612213135,"z":-21.377635955810548},"rotation":{"x":0.06326232850551605,"y":0.010786621831357479,"z":-0.0006846333271823823,"w":0.9979264140129089},"size":14.430037498474121,"orthographic":false}