{"cameraMode":{"drawMode":0,"name":"Shaded","section":"Shading Mode"},"sceneLighting":true,"audioPlay":false,"sceneViewState":{"m_AlwaysRefresh":false,"showFog":true,"showSkybox":true,"showFlares":true,"showImageEffects":true,"showParticleSystems":true,"showVisualEffectGraphs":true,"m_FxEnabled":true},"in2DMode":false,"pivot":{"x":-147.84414672851563,"y":52.71454620361328,"z":46.013397216796878},"rotation":{"x":0.004388148430734873,"y":0.6369787454605103,"z":0.003622989170253277,"w":-0.7708364725112915},"size":266.6415710449219,"orthographic":false}