{"cameraMode":{"drawMode":0,"name":"Shaded","section":"Shading Mode"},"sceneLighting":true,"audioPlay":false,"sceneViewState":{"m_AlwaysRefresh":false,"showFog":true,"showSkybox":false,"showFlares":true,"showImageEffects":true,"showParticleSystems":true,"showVisualEffectGraphs":true,"m_FxEnabled":true},"in2DMode":false,"pivot":{"x":-1.2940053939819337,"y":-1.0356178283691407,"z":-33.20000076293945},"rotation":{"x":-0.03372744843363762,"y":0.5621885657310486,"z":-0.022955192252993585,"w":-0.8259995579719544},"size":20.652694702148439,"orthographic":false}