{"cameraMode":{"drawMode":0,"name":"Shaded","section":"Shading Mode"},"sceneLighting":true,"audioPlay":false,"sceneViewState":{"m_AlwaysRefresh":false,"showFog":true,"showSkybox":false,"showFlares":true,"showImageEffects":true,"showParticleSystems":true,"showVisualEffectGraphs":true,"m_FxEnabled":true},"in2DMode":false,"pivot":{"x":-4.076245307922363,"y":5.451930999755859,"z":13.994544982910157},"rotation":{"x":0.004388148430734873,"y":0.6369787454605103,"z":0.003622989170253277,"w":-0.7708364725112915},"size":12.39077377319336,"orthographic":false}